"gold","LR","GAM","NN"
3,5.72178334940477,5.42048839869346,5.18601137458812
3,5.27417859476035,5.33669582269789,5.07763330843522
3,5.29182764834014,5.31863908769651,5.06215170763108
3,5.48593922840536,5.45488847088514,5.22637044273301
3,4.88102270848174,5.03166542196633,5.01555021890289
3,5.42871140523437,4.96330282949063,4.95341695758113
3,5.60836883461582,5.32064085963315,5.05333598513182
3,5.67334573841404,5.7082255725587,5.71444540808164
3,5.45205218121277,5.19136729190884,5.16681067543215
4,5.40831617477499,5.42415504808921,5.19060520313213
4,6.21952692233728,6.22932736197028,6.4548632606014
4,5.49462548458045,5.39030078298563,5.20020473868601
4,5.11929702489883,5.14922436956331,5.07347761248048
4,5.84936095432999,5.79226439763065,5.4963451907762
4,5.71882727457697,5.73275890624838,5.73473076261047
4,5.78531591263213,5.65316520238339,5.61291670257343
4,5.72496707425629,5.65776839843854,5.18923346850231
4,5.13664659088569,5.06997492192725,5.14313707439796
4,5.70587698610579,5.51814786141072,5.68706683874013
4,5.64188617350143,5.36452709317425,5.32994427938655
4,5.8257808144552,5.82981399161085,5.55150776021912
4,5.47409634034881,5.28317991001691,5.23746153800106
4,5.67724655223644,4.21541009468061,5.37090331657681
4,5.85135204594193,5.71117284774571,6.01352232910151
4,5.46302125761569,5.25173201691042,5.43899510829252
4,5.72683923142112,5.5647117605461,5.24303516175149
4,5.84701942335991,5.81734037721321,5.32209825159496
4,4.94013983809597,4.7760083605959,5.13511305107092
4,5.1882556595014,5.04596868910227,5.12017304705559
4,5.76766938625701,5.68453206333125,5.95518055606286
4,5.26654715449449,5.11022684769991,5.17122634615188
4,6.22514056396207,5.92810159944428,5.8963294249838
4,5.50870045244139,5.47594348744554,5.2543953641282
4,5.81537413708681,5.7346940650697,5.67005796861367
4,4.97814243455164,4.59536232687756,4.95769457079535
4,5.46113703027972,5.27709304784425,5.29734900830269
4,5.33553744617918,5.16839550035508,5.07287128024693
4,5.01445512713396,4.88035078475051,5.11849320947496
4,5.13742519009477,5.19595856807565,4.99599060244821
4,5.40975492881111,5.34789270181076,5.20735814161271
4,5.20784763961034,5.05738169917125,5.15469637432801
4,5.19577285810954,5.09175707196001,5.0284871102635
4,5.60575467828383,5.42356459612736,5.30618676432579
4,5.70350441316148,5.82695368449482,5.81815532747875
4,5.71145122141349,5.53997146149003,5.15284091043992
4,4.97751880498309,4.67766109206365,5.01096720893706
4,5.45504971390477,5.53162839436686,5.11456973731648
4,5.84785378950133,5.80805666802875,5.1283804929733
4,6.01456456285354,5.90394687458503,6.00849412232705
5,5.57042247152291,5.51502985898722,5.63605367488671
5,5.14022053088459,5.08938182775753,5.08233805633747
5,5.27211635089641,5.27671324744019,5.23716156028295
5,5.46873210595677,5.37922130049212,5.29069514690425
5,5.15473688379445,4.95262566758741,5.10137523680851
5,5.64381641637949,5.9005122789982,5.69178019241429
5,5.49826387545639,5.53025577682241,5.17744472309354
5,5.5925463700647,5.5245520095104,5.4630821549883
5,5.25191668155708,5.13686381073787,5.21110938323423
5,5.42617107824865,5.61067011086976,5.35905364585105
5,5.53017210183756,5.50534824438936,5.36143303516644
5,5.63612679768278,5.75247363920842,5.30229436422637
5,5.35201830990512,5.41312663631436,5.33986895318211
5,5.56528686820254,5.40949298197211,5.12135246355708
5,4.72454199084801,4.78975755621734,4.9344124319544
5,5.00573285916035,5.03499819037231,5.09007198947034
5,5.09740506071588,5.32985437148758,5.0719972062292
5,5.30032185027126,5.15404025092908,5.43285947996534
5,5.04605180961993,5.09004664178669,5.11440377211179
5,5.31646616163465,5.36045121703186,5.35236875319171
5,5.17446447330487,5.36234821841125,5.16325023112762
5,5.74519853966889,5.81295949185465,5.87784597301266
5,5.21365035619097,4.89420428680239,5.39352626485041
5,5.10135905708875,5.04856287389009,5.10078572635287
5,5.64925862870631,5.44615499834503,5.90606824944909
5,4.81725867695291,4.58369959407615,5.11910158870056
5,5.2150762777592,5.33621670270684,5.20922514595338
5,5.01773473364156,4.9157002051728,5.30450891601429
5,5.70557771212265,5.83425672278425,5.67845103480228
5,5.43682064395748,5.35580032682599,5.33656453181161
5,5.14784267945129,4.8787605700719,5.13869218192667
5,5.43848669326255,5.50872893974222,5.73628230520499
5,5.90300616318016,5.93897630289297,6.00046758073163
5,5.27446630114852,5.33288162606632,5.14159967714988
5,5.03684276338575,5.05503939191282,5.08000583663259
5,5.26333146001119,5.35266645955231,5.18509829188604
5,5.90996286225627,5.83947477408411,5.94689201556313
5,4.95135535082729,4.85707946429391,5.07346168875402
5,5.23762432997648,5.26488217077443,5.36630654626971
5,5.42106193646293,5.34376703927615,5.76627931065594
5,5.40364819181739,5.30938889518103,5.12565842182281
5,6.25326992220437,6.20150585271229,6.09778509838325
5,5.22697846447314,5.2873959340602,5.31154230469142
5,5.14917217224811,5.24011806790223,5.1344528127474
5,5.61550688421636,5.61429661709749,5.360230222014
5,5.5288364976196,5.71376413548019,5.27497622307861
5,5.01420604495683,5.09427194424238,5.07040712868661
5,4.99200714644219,4.78312139508173,5.17262233780999
5,5.40655852090117,5.45802767044068,5.1960439853635
5,5.54941085201786,5.70212149603704,5.21348543090405
5,5.84825538147734,5.89650899941643,5.99627918707173
5,5.40266977561327,5.52746547309362,5.2346177928013
5,5.00461930770343,4.97499587185299,5.23999878320038
5,5.00618542306984,4.98917606493344,5.03423387034993
5,5.09823643367063,4.98709966038206,5.48863947936659
5,5.04525484931776,4.90956977772808,5.30934177758929
5,5.21393075490419,5.11726499497159,5.2786060860443
5,5.96910341258354,5.79616421042016,6.16283045511745
5,5.93525325928411,5.88992085237627,5.52908971061639
5,5.26867824683635,5.19469502626792,5.21318099824972
5,4.91283385898577,4.78367254920259,5.02849841326411
5,5.39384710147545,5.53936956777437,5.4437718452837
5,5.41104763333712,5.44675932039102,5.2688164853525
5,5.05011612263723,5.01807923144538,5.23373874282745
5,5.4632281003898,5.33302163378163,5.42319135316393
5,5.60466305092599,5.72212761418326,5.66358299352517
5,5.29228237455062,5.23339536856879,5.16804784610493
5,5.68479156401868,5.48747775158979,5.02128832304225
5,5.5202793462345,5.27410376761828,5.62206465541986
5,5.38589720088764,5.44693025858264,5.27672372739633
5,5.40168310695491,5.28481104512569,5.46558720678112
5,5.466493517912,5.53188120903913,5.39783890819748
5,5.18947460334748,5.10133828318525,5.09552077733781
5,5.44312927542211,5.41997427407302,5.52611864801401
5,4.98198119949123,4.96243641468454,5.11000684352149
5,5.27293243612716,5.37134537374105,5.28959050352877
5,5.45525240985516,5.51408200406938,5.49259561022309
5,5.31522813183551,5.30482625660414,5.30370467148567
5,5.27927890991572,5.36554890523927,5.23029909375591
5,5.22045108229387,5.08460848313685,5.06011068898239
5,5.2931852383151,5.21379095207984,5.12870195753589
5,5.07527839937901,5.01804745042269,5.13881178536258
5,5.21457362901239,4.88585027151476,5.31123070987904
5,5.13735552136034,5.02022284413994,5.11272156129818
5,5.69899247357789,5.63922521830639,5.60358184204273
5,5.0229031969459,4.99038837041507,5.02470272525413
5,5.23564894184967,5.2100159085317,5.21406345152531
5,5.09498744382842,5.00861188035678,5.15736426360622
5,5.17326501696911,5.0736478562798,5.14235848161989
5,5.27525396187905,5.42595724704938,5.26977051402241
5,4.97517571219369,4.96430858549446,5.01774216620807
5,4.97708138493003,4.97701534688134,5.02561946651628
5,5.27534000765029,5.1335268730204,5.41398444623159
5,5.6882553380892,5.75978606427298,5.37825470702216
5,6.0087741182224,5.5124689669796,5.54833387837231
5,5.30853709806617,5.13713071626501,5.01532198797871
5,5.67690685466966,5.6212176307651,5.87876788473671
5,5.96910341258354,5.79616421042016,6.16283045511745
5,5.2036822876074,5.34098588165141,5.18413802410257
5,5.4645008513228,5.59512736753252,5.25587430007535
5,5.29793245384225,5.14059177177486,5.35602606663371
5,5.39733860022771,5.4721061386674,5.28320996657296
5,5.08495740486807,4.80351909657828,5.15852700637236
5,5.21393075490419,5.11726499497159,5.2786060860443
5,5.51799926804473,5.43262614714466,5.43009108587428
5,4.99356589766443,5.18628789943244,5.07320097842664
5,5.38896246588544,5.09047547460258,5.29572998988649
5,5.15473688379445,4.95262566758741,5.10137523680851
5,5.35125153292059,5.44538261093276,5.29436127030033
5,5.30896092550326,5.51264285174123,5.18253767418337
5,5.29312626403421,5.23404667763625,5.33238474975115
5,4.93330380412875,4.69519753794406,5.18064269658362
5,5.4334778601684,5.43509632540364,5.41732886812388
5,5.53017210183756,5.50534824438936,5.36143303516644
5,5.52358155873286,5.33697286460774,5.63518638975454
5,5.64666787216464,5.47404950708058,5.47478817313949
5,6.13320818541787,6.13276769252783,6.10263482429107
5,5.14586848721126,4.97311037647029,5.05064066428003
5,5.65960781063495,5.5533789565874,5.73068190336085
5,5.15059969512328,5.00935742678708,5.17415243743658
5,5.65561471482132,5.53361266930968,5.40274605822485
5,4.91263285142361,4.89887113279732,4.97511926302105
5,5.00234833683899,5.14640006122841,5.09330858344747
5,5.19956079544865,5.03199457915001,5.30079935249431
5,5.55532929819085,5.61731982399261,5.55419973064121
5,5.76341605502625,5.85365235596594,5.47819343427404
5,5.70860527727298,5.7797975196197,5.45699524442076
5,5.18609072103912,5.18102217883667,5.1342274513181
5,4.97038262326602,4.91609145167228,5.09656950872266
5,4.7794170344528,5.37980315314464,4.99740382041284
5,5.4910065140337,5.51805593025341,5.45801771713489
5,5.33022267358876,5.33157857828893,5.12280721021294
5,5.56886596866291,5.72331798034069,5.32209293481625
5,5.72320206493188,5.75180298581989,5.70539755505577
5,6.26933252917925,5.93575124610393,6.45155248682093
5,5.15728986918221,5.27163041552724,5.17419267624109
5,5.1579293250815,5.38153341288785,5.23134661570745
5,5.31125736647059,5.13703010596449,5.21476251155298
5,5.20388602948106,5.09246875742459,5.24006638851431
5,5.05064401937141,5.03740746972708,5.06458167425993
5,5.2833751858593,5.49771171774544,5.50861277687253
5,6.06502966205071,6.15065008560313,6.13126111657512
5,5.12904730432217,5.23289922340068,5.03479862373831
5,5.11551846649037,5.09715628430795,5.06028586932283
5,5.31125736647059,5.13703010596449,5.21476251155298
5,5.14151714316737,5.05943121100066,5.08311026653964
5,5.80780795516529,5.55631297983018,5.82705150874146
5,5.69476138484887,5.6318128965812,5.8374051688453
5,5.1818814586652,5.20051866394501,5.07209691704174
5,5.33304462271954,5.38967006498653,5.23562942246505
5,5.83399717377674,5.8469446339336,5.89362606132255
5,5.14527729789518,5.26061269521585,5.25256421442896
5,5.79680036167987,5.71382086716974,5.61478817651663
5,4.97384569163771,4.96910678325063,5.0389058800405
5,5.59846296075238,5.76749476806635,5.45009541487794
5,5.26544661643372,5.23520814166922,5.22484634042666
5,5.42316708051557,5.62316574581286,5.47946845056337
5,5.71577568144951,5.75319078183727,5.37597642636773
5,6.00604072383297,6.15925182079557,6.43880086563056
5,5.10601650478364,5.14159486598659,5.01144698936642
5,4.80551853858909,4.74855484898244,4.96262952455893
5,5.23500599162563,5.26171484862771,5.19052294059965
5,5.43682064395748,5.35580032682599,5.33656453181161
5,6.24051768694768,5.44637064649795,5.92529126382298
5,5.48350601127569,5.45905226320124,5.57082627253738
5,5.0118953121584,4.96121717860392,5.11381055810892
5,5.33745376899647,5.35435781084573,5.44748757524637
5,5.3178558731747,5.42644371461832,5.27426437829164
5,4.94080130598984,4.60728010619403,5.30894494599353
5,6.33832747499565,5.78793743750704,6.17205388966202
5,5.37179390391796,5.44131513904109,5.50268853713119
5,6.1512490053289,6.02457476525177,5.94352808952798
5,5.52358155873286,5.33697286460774,5.63518638975454
5,5.70642512820296,5.78453215531574,5.92226659218814
5,5.00193115202891,4.93539825318083,5.02218047169145
5,5.19266952661636,5.325120429511,5.09186344066282
5,5.38151225085667,5.47898958103542,5.19856242483496
5,5.28618428406678,5.16179927703364,5.29641158222313
5,5.41094909524018,5.58228716423901,5.21472969511934
5,5.11256436498073,5.12114526768068,5.09593932292533
5,6.34308638109985,5.76960262376111,6.17827017148916
5,6.31133739587113,6.37195807307539,6.21945013029834
5,5.30782891808733,5.27559499151064,5.40612438317609
5,5.20217523579572,5.28093970364857,5.13136883149573
5,5.01865824781351,4.8528341570101,5.35111422766781
5,5.46235412855527,5.68560719049717,5.21626086675576
5,5.70860527727298,5.7797975196197,5.45699524442076
5,6.32806829245598,6.13809153401968,6.31663842234597
5,5.51412059959323,5.34626019116736,5.53958483992127
5,5.52883517449556,5.45024838780982,5.27340356832871
5,5.56220435161071,5.52869476633009,5.3032660557101
5,5.60827267711119,5.42730632156293,5.46750124715119
5,5.35892868271297,5.47513611999005,5.13644479298047
5,5.51924460030052,5.00950240222097,5.3714568908931
5,5.33319201441536,5.31847468796591,5.34792447269109
5,5.24419484021536,5.1228530379515,5.14529683232683
5,5.19836644047087,5.36920749107725,5.19590426892391
5,5.9270089976023,5.74218419745932,5.39468254070079
5,5.41192427234752,5.126162639772,5.10028826840673
5,5.13607072019532,5.00045261645948,5.03241017843749
5,5.6889434922508,5.8184576746733,5.55392323435422
5,5.18073603152329,5.13589679791222,5.1197688220449
5,5.47150388073346,5.64154920214455,5.37335767199855
5,5.2891832172887,5.27173783336872,5.09254595510377
5,5.11205262012508,4.89149583349079,5.32615262025229
5,5.46113181614016,5.71521431538167,5.26978863838748
5,5.49387316366694,5.55488885057234,5.49895214065984
5,5.36266805838981,5.32381931884912,5.66479403272427
5,5.29461685671215,5.37543576488458,5.12638841193687
5,5.79295153396249,5.76036208889159,5.86378797219969
5,4.94628948776007,4.83810588491448,5.07236876645264
5,5.52360442924479,5.36060953211975,5.30779144292151
5,5.52817605827533,5.62260049925113,5.40405169735217
5,5.25848703163974,5.38597039222671,5.26090166374116
5,5.93371024091463,5.97970784918243,6.05355858982557
5,4.94315573797582,4.90594275249743,5.21752662093703
5,5.21355385878205,5.5378763744036,5.27752056569384
5,5.05815193646457,5.06927451188901,5.08654810573186
5,5.31325472286844,5.3010797937042,5.24501840929286
5,5.19956079544865,5.03199457915001,5.30079935249431
5,5.03419462699799,4.99930202610033,4.93552879102935
5,5.31323256913709,5.2723404078015,5.12472055879224
5,5.40227704155967,5.19769276764052,5.35728091880553
5,5.23392902804995,4.99773625450462,5.20591291311895
5,5.09970393931869,4.9932392337932,5.09068073235936
5,4.85942533759583,4.5760103257731,5.44663827720641
5,5.21994340814619,5.00013665846904,5.09638106293159
5,5.40655852090117,5.45802767044068,5.1960439853635
5,5.66870832695427,5.78906352135508,5.7830998180233
5,5.08609787197993,5.0549584232603,5.09127850487074
5,5.81959162363584,5.55167322055146,5.84529259315684
5,4.91401852429528,4.78260480114859,5.2423832915696
5,5.11949593352852,5.17773923562049,5.17655063955457
5,5.17686398376093,5.26944177581986,5.35368785855568
5,5.28409661257323,5.20850906771391,5.08362587470594
5,5.3911936163488,5.37511469049399,5.55724207840275
5,5.57467430593645,5.67860274126995,5.13576138421264
5,5.29228237455062,5.23339536856879,5.16804784610493
5,5.15199401532311,5.30409478535477,5.09768597141352
5,5.15851426715775,5.21898186060193,5.19566091551013
5,5.11418022333396,5.04567808744805,5.48024573725407
5,5.66116309798384,5.63068543391288,5.61991780910923
5,5.10432559747836,5.0252759824035,5.19230600379486
5,5.76330947918597,5.82239893079517,5.56911359733597
5,5.09272398421476,5.0135632352967,5.09850901798791
5,5.13420779193362,5.11544423438375,5.21116247917836
5,5.47163039142474,5.40613012132348,5.04141649644354
5,5.77929478988719,5.86370011498944,5.79447565044719
5,5.04900263207347,5.04711262098549,5.0889586242005
5,6.33832747499565,5.78793743750704,6.17205388966202
5,5.93531489792178,6.00202161163496,5.3156897998592
5,5.53466060542274,5.67539640258833,5.54125199311399
5,5.26627836518727,5.28011126868874,5.27002921704636
5,5.28704597068037,5.07065478936424,5.13188224485454
5,5.60442878059843,5.68610580660336,5.48904866072283
5,5.53653498935014,5.47706893608057,5.7316473529541
5,5.76330947918597,5.82239893079517,5.56911359733597
5,5.14055522826535,5.05672372892043,5.25054079857083
5,5.73660933331003,5.80088779710381,5.45602271140261
5,5.15899720624381,5.01018788344075,5.1596338260922
5,5.08495740486807,4.80351909657828,5.15852700637236
5,6.30940902073968,5.40135173862111,6.50766428450362
5,5.09385359360154,5.22581738786126,5.00223292408853
5,5.25219832066416,5.21986001532318,5.11375189050135
5,5.31448076127452,5.34914144578466,5.31974130705013
5,5.6662346735134,5.4504154723119,5.01688327797428
5,4.80771381890018,4.96217596506171,5.0811100489838
5,5.06703020579013,5.26350959181962,4.9983085628604
5,5.33422683252316,5.34836725501703,5.29905272763885
5,5.48058441800455,5.37247076362832,5.32633499968584
5,4.95900893019825,4.77632365635389,5.08772877752658
5,5.61303074020084,5.4533905963669,5.66150270671764
5,5.2108608092495,5.23647763779182,5.28560339730898
5,5.12271386881164,5.34962669461132,5.05874076529542
5,5.78715477477789,5.72013876810294,5.33255346732602
5,5.1818814586652,5.20051866394501,5.07209691704174
5,5.64267034333255,5.56725382395134,5.72429935029537
5,5.91593678676709,6.053555897491,6.03776089310593
5,5.32925546352335,5.8244385563241,5.53679147191821
5,5.08456168560943,5.21497529104704,4.96100798133248
5,5.46009071623213,5.6449075974434,5.20022009590526
5,5.08941244308029,5.06289330228463,5.05933453693086
5,5.39881215058569,5.49545981133546,5.54860505015304
5,5.21474041639178,5.28552815488074,5.11623001201882
5,5.31026339742862,5.29867017953721,5.23822382335596
5,5.28582245947214,5.38096823561313,5.26445364827876
5,5.17696502194662,5.20773042168608,5.12046903114838
5,5.45121811218778,5.47073096540986,5.17012324110981
5,5.51752904798643,5.24411535384457,5.13692038083655
5,5.28292446915388,5.31110142457681,5.1571057799762
5,5.27326742855981,5.20524546217086,5.16175258589853
5,5.28322572986895,5.38493202850467,5.23273602648463
5,5.22107260654615,5.33527025480881,5.0927634008863
5,5.37226758065507,5.46614039850493,5.17297784659403
5,5.00738899054948,4.91490744255026,5.08105459788836
5,5.35228202757151,5.35554581929945,5.41094876774544
5,5.60441308969214,5.60733163313629,5.19028199384314
5,6.75214425236657,5.31198733063291,6.47275643250292
5,5.60442878059843,5.68610580660336,5.48904866072283
5,5.20427143807438,5.17090787738051,5.25266197565803
5,6.25326992220437,6.20150585271229,6.09778509838325
5,6.03686418228361,6.0131851904433,5.87922303409806
5,5.14589023710191,5.11980228944495,5.11610754836536
5,5.09776191817416,5.17366857049689,5.01761006592428
5,5.26343892143839,4.94437436952817,5.05169422937193
5,5.86789663268069,5.70099681842201,5.92135007311594
5,5.66927401326759,5.70447148471405,5.07677475637088
5,5.43879679241907,5.21081405528902,5.52738805912933
5,5.10408857920472,5.10577440180824,5.15478264405361
5,5.11205262012508,4.89149583349079,5.32615262025229
5,5.34841394566219,5.51003132067713,5.1600084093759
5,4.94453999883677,4.83967861947163,4.95084082046618
5,5.41004974669424,5.41119572212132,5.60837840368979
5,5.91312702838202,5.73319753040715,6.01759456058004
5,4.97197775579126,5.42447084063101,5.0655750458248
5,5.1029875911208,5.21837383390888,5.04200348309558
5,5.31019399829876,5.27268531229408,5.23706607039141
5,5.08086058337995,4.97438288911038,5.21381091136965
5,5.02331400727886,4.99976923193745,5.17773039165886
5,5.07646240815117,5.09573648117478,5.15267067879411
5,5.35125153292059,5.44538261093276,5.29436127030033
5,5.09498744382842,5.00861188035678,5.15736426360622
5,4.98840014220518,4.90176316734285,5.0193374273807
5,5.36468986968987,5.44982744788193,5.44840898419532
5,5.51849707656121,5.48627303411453,5.34802160779366
5,5.68976229615969,5.61889625567862,5.39831589991725
5,5.11418022333396,5.04567808744805,5.48024573725407
5,5.32526790236135,5.19784272360462,5.12589197383062
5,5.39733860022771,5.4721061386674,5.28320996657296
5,5.10474803598454,5.13652794646216,5.14354411217173
5,5.82696749407755,5.6402046810251,5.85125615533208
5,5.23627709107343,5.16836739271685,4.97301485377361
5,5.36909229600655,5.23509060572269,5.12629905165637
5,5.93689984019286,5.82034595407695,5.83850898222806
5,5.27534000765029,5.1335268730204,5.41398444623159
5,5.15494106191348,5.07284358966648,5.10073170121556
5,5.45245136085587,5.52258571226846,5.28597541596815
5,4.99097240432903,4.92290206879556,5.08555072285954
5,5.21474041639178,5.28552815488074,5.11623001201882
5,5.36862460974415,5.27847427731218,5.09520646683547
5,5.5017774143101,5.29646006060631,5.56710617621482
5,6.23477237095089,6.22337461499994,6.30167770418506
5,5.40327669082205,5.57507880737401,5.32039948682433
5,4.90652782079715,4.67406407928154,5.01010376049004
5,5.62896885874015,5.49404713046645,5.73885578589224
5,5.21441589243285,5.14925365353898,5.20013342944574
5,4.97385519628187,4.89544917743222,5.17443343829928
5,5.073074941426,5.17220730239842,5.14579254177533
5,5.2812640790338,5.27242476209352,5.19850685793417
5,5.89670640556763,5.7365144487686,5.79362189720663
5,4.93508502977786,4.69602699732868,5.12180888870491
5,5.59298032208374,5.48118602318063,5.48841053425309
5,5.41374680334468,5.43624516732126,5.3357193528994
5,5.61865384668914,5.44679575679337,5.56884851861698
5,4.89590410139197,4.70471159132252,5.02470701667783
5,5.09016427143509,5.03819526469585,5.20843636168539
5,6.2573604450058,6.37474348750853,6.67939583140237
5,5.25049464809911,5.44134385131188,5.08901936466469
5,5.86182516838876,5.8593255680118,5.94775053367108
5,5.36208732529209,5.18190398001654,5.27286727503995
5,5.80410749288479,5.83894626018671,5.73705490902648
5,5.77303094142959,5.85357713371479,5.79492688055775
5,5.05224210656366,4.92733155514733,5.1325524934899
5,5.25864928144207,5.43180833016455,5.14608856030113
5,5.86182516838876,5.8593255680118,5.94775053367108
5,5.01517725435187,4.80556503699693,5.05697371076673
5,5.07989837044707,5.11930127998452,5.21009567364755
5,5.74033772753879,5.72489108389355,5.78252120663484
5,5.05425661509229,5.08611717238061,5.04427366931286
5,5.94343285170525,5.82943345091398,5.73156967242246
5,5.29928609224172,5.38515183780669,5.17014860156711
5,5.13482009998952,5.22198432550942,5.06683126951728
5,5.43682064395748,5.35580032682599,5.33656453181161
5,5.73660933331003,5.80088779710381,5.45602271140261
5,4.98875939203472,5.55933921405516,5.28852248083768
5,5.40779477245234,5.45240549239202,5.33111020625991
5,6.1684983755549,5.64954442560734,5.530615980818
5,5.40655852090117,5.45802767044068,5.1960439853635
5,6.07005527953486,6.11796483898567,5.94414955045639
5,5.42617107824865,5.61067011086976,5.35905364585105
5,5.28319740809705,5.10686529044888,5.30800481399684
5,5.54714154508973,5.58743249236925,5.65609590800746
5,5.75944180326627,5.69056760355608,5.6311096933023
5,5.04900263207347,5.04711262098549,5.0889586242005
5,5.62201935718974,5.56729533929639,5.33111575744377
5,5.33319201441536,5.31847468796591,5.34792447269109
5,5.2931852383151,5.21379095207984,5.12870195753589
5,6.1512490053289,6.02457476525177,5.94352808952798
5,5.57400288460852,5.67267913847139,5.73877998216916
5,5.60441308969214,5.60733163313629,5.19028199384314
5,5.31019399829876,5.27268531229408,5.23706607039141
5,5.76358364665681,5.84267775705427,5.94541899274675
5,5.90455748684682,5.86536677078175,5.8805074993032
5,7.56521563191887,6.45052564817091,6.9679780732886
5,5.12440549940732,5.12532525231521,5.31758914216745
5,5.05916488275517,5.24732197838495,5.21480391730514
5,5.30569236851757,5.27349363769759,5.202100670446
5,5.19179436089592,5.13148330865373,5.17648671259694
5,6.21415448132529,6.05672790397416,6.17535344190844
5,6.33004302087587,5.947204127345,6.09432115015876
5,6.0297282275796,5.86276156287653,5.8119406766992
5,5.19495755144516,4.93946217191013,5.15705923451808
5,5.85045990175299,5.8244352598698,5.68037545159274
5,4.9922633981299,4.93024558776224,4.96798162357587
5,5.41657645959742,5.45371817301016,5.33451017190575
5,4.8696258209946,4.74422672844441,5.01341192065658
5,5.20528752421779,5.2626929500991,5.14594737289599
5,5.30680829605245,5.18300547297636,5.11299846257151
5,5.42803037705063,5.58882001540095,5.56303331973493
5,5.58228621426914,5.65042856708551,5.22143451995812
5,5.24257742642504,5.20866487283825,5.40712183231202
5,5.38406911683484,5.37168478016524,5.47868114512468
5,5.77303094142959,5.85357713371479,5.79492688055775
5,5.05011612263723,5.01807923144538,5.23373874282745
5,5.27525396187905,5.42595724704938,5.26977051402241
5,5.24212136493959,5.13741494446294,5.22268119571454
5,5.124068956857,5.04002926748003,5.28056860172433
5,5.83962708155801,5.81998798559963,5.93157086516667
5,5.23235496827558,5.21571252019812,5.14545346069516
5,5.05824072459773,5.04877052688576,5.06312720266124
5,5.09561372225506,5.09758914842168,5.07443931526483
5,5.16694781000484,4.99466285765395,5.0818745853201
5,5.46873210595677,5.37922130049212,5.29069514690425
5,5.23760350591284,5.25848365527028,5.14750940843019
5,5.10894182987389,5.09061760070254,5.09167062472035
5,5.06868697303771,4.96008061142803,5.04419176930026
5,5.37638032791037,5.53260039821253,5.14865164874116
5,5.85079769870748,5.99623634161274,5.69532687565894
5,5.81698680675406,5.80979335993813,5.81731116374958
5,5.4004425295103,5.02983174284553,5.12502582445153
5,4.96327460295441,4.99192682827325,4.98859114117901
5,4.96754797970748,4.86131943709467,5.02729329702572
5,5.29400854183746,5.18526754423075,5.10763684929707
5,4.98875939203472,5.55933921405516,5.28852248083768
5,5.49247161495756,5.63156507872293,5.3592174724788
5,5.37549800031232,5.34943868819996,5.2220323632354
5,5.20835849391495,5.05602929511906,5.11418487561271
5,5.60827267711119,5.42730632156293,5.46750124715119
5,5.86789663268069,5.70099681842201,5.92135007311594
5,5.27042892017903,5.36110468204847,5.21182817080139
5,5.55082902889284,5.55445591566396,5.46091686939923
5,5.70962418123284,5.51528844930806,5.21922887114792
5,5.6089254981795,5.60695535040442,5.35595978348704
5,4.94080130598984,4.60728010619403,5.30894494599353
5,5.28653502767601,5.19476992390717,5.19858755364903
5,5.39568362340611,5.01182163427522,5.12268453809017
5,5.80558515969938,5.80321413011799,5.8308603895013
5,4.97406032514996,5.10663799193963,4.96973973430298
5,5.36086506280643,5.27375459256931,5.35142684052347
5,5.36606451038413,5.38265701038797,5.31522105450876
5,6.25186225894871,6.05999486201098,6.36017607970613
5,5.39876696235891,5.40131510925153,5.59177829798233
5,5.18574756497966,5.08638218370256,5.26950269011511
5,5.13242065075855,5.2146393898403,4.99595843497846
5,5.40266977561327,5.52746547309362,5.2346177928013
5,5.02175911340264,5.05137931417332,5.15539573832084
5,5.10268225805238,5.20675702194327,5.0093383554663
5,5.27378478519886,5.26286310714514,5.12522923276047
5,5.30450773050909,5.54514847821532,5.25220415762635
5,5.88191251674467,5.72777564730168,5.82513802692193
5,5.30032185027126,5.15404025092908,5.43285947996534
5,5.67843102632827,5.48563819133991,5.58217382289813
5,5.03741815178085,5.08788514502868,5.03662437042134
5,5.89670640556763,5.7365144487686,5.79362189720663
5,5.49202185393491,5.54141357785096,5.16190467194983
5,5.32235008058858,5.44603389439301,5.29352896890563
5,5.23230188245676,5.20389489180823,5.09056625994131
5,5.55963723662059,5.38704073863106,5.65176244828538
5,5.5918878435765,5.5946935045738,5.52744089472146
5,5.51665520193173,5.18947553306322,5.55023804395106
5,5.10025017462706,5.1448116844045,5.04416978660754
5,5.74033772753879,5.72489108389355,5.78252120663484
5,5.10025515494479,4.97144809967183,5.09277001970484
5,5.52360442924479,5.36060953211975,5.30779144292151
5,5.124068956857,5.04002926748003,5.28056860172433
5,6.32047618486986,6.2548165154533,6.3388777175035
5,5.27623691584906,5.04908703399745,5.15115588937119
5,5.84983781302924,5.71916290936251,5.95546800871151
5,5.33125869228992,5.19723372558226,5.3718324040576
5,5.33022267358876,5.33157857828893,5.12280721021294
5,5.02095242437926,5.07293713019442,4.97795248077139
5,5.1497725970362,5.10903722493833,5.07170447031186
5,5.63612679768278,5.75247363920842,5.30229436422637
5,5.21441589243285,5.14925365353898,5.20013342944574
5,5.25455643336269,5.301826051572,5.00688336553625
5,5.40583596378091,5.46831311714004,5.18901425891431
5,5.5660701636362,5.35128125616264,5.30660550908028
5,5.52771216654062,5.48051142429315,5.66488388409667
5,5.70369447830709,5.63709366259817,5.69085245391205
5,5.22801256632916,4.90267370614611,5.38724913715186
5,5.21593798744074,5.15385957545328,5.21712885785833
5,5.13483601602887,4.95713061551089,5.13494240657689
5,5.29752981541237,5.52292778133105,5.51243461817974
5,5.47174450419487,5.32987978151752,5.54334830577777
5,6.0387980703162,6.03422675776876,6.00208106136211
5,5.40412770009228,5.49380155871426,5.37516872557838
5,5.29800383840737,5.35002689349061,5.21314770855016
5,5.33632912226113,5.20783061012366,5.3295108461331
5,6.18708263113914,6.38267616295485,6.38182403569267
5,5.06703020579013,5.26350959181962,4.9983085628604
5,5.23564894184967,5.2100159085317,5.21406345152531
5,5.54610675938857,5.714292454088,5.46015212871045
5,5.45101616244954,5.30816312678197,5.01795660425448
5,5.07932014518555,5.16136123078877,5.09242738150405
5,4.99445128595952,4.89493545918513,5.08029238263059
5,5.44221732503922,5.59362397803188,5.31464318394899
5,5.51849707656121,5.48627303411453,5.34802160779366
5,5.83447331236788,5.96282773474985,6.09912601306262
5,5.45121811218778,5.47073096540986,5.17012324110981
5,5.73381919483038,5.70007361171885,5.46835686511763
5,5.14675313631831,5.09488465120141,5.35039747531463
5,5.45286971648524,5.45659121541987,5.25135928034431
5,5.16995176761859,5.10105368848064,5.16982249493012
5,5.09561372225506,5.09758914842168,5.07443931526483
5,5.15338135856337,5.19245459683003,5.08869134084736
5,5.68157076815024,5.56503187552509,5.58398776909462
5,5.55467501306067,5.61716531403872,5.66224296812643
5,5.78995225889781,5.84862709661869,5.98973189984604
5,5.54080609840111,5.16131671997803,5.11552254902736
5,5.09970393931869,4.9932392337932,5.09068073235936
5,5.59657674136688,5.39110427510909,5.64666189376675
5,5.54681358181601,5.55960184186451,5.34573314501789
5,5.5799106023535,5.51292230332234,5.30720264644333
5,5.09848511566959,5.17067416048786,5.12749859733853
5,5.10025515494479,4.97144809967183,5.09277001970484
5,5.41657645959742,5.45371817301016,5.33451017190575
5,6.0087741182224,5.5124689669796,5.54833387837231
5,5.44964508756481,5.4167443175906,5.38800212569222
5,5.11205262012508,4.89149583349079,5.32615262025229
5,4.67132274041376,4.74996854701124,5.08340894673289
5,5.46235412855527,5.68560719049717,5.21626086675576
5,5.24632264810601,5.19642817311663,5.20142948357721
5,5.23564894184967,5.2100159085317,5.21406345152531
5,5.38896246588544,5.09047547460258,5.29572998988649
5,5.06331726428091,5.08274736650478,5.14277001390882
5,5.90301107493098,5.88499884641718,5.62383058547312
5,5.70527715755953,5.4776757650547,5.80802813046099
5,5.18609072103912,5.18102217883667,5.1342274513181
5,5.70557771212265,5.83425672278425,5.67845103480228
5,5.21008518143551,5.11679571438917,5.3615505850543
5,5.1622472041988,5.12706013344005,5.0827958010324
6,5.40256954630597,5.55834338015849,5.25135534166793
6,6.82187904980071,6.54321669116765,6.85898414662142
6,5.42922342891038,5.88757547918019,5.55294805886914
6,5.03310267948935,5.07239696590752,5.02999089319449
6,5.68318860771041,5.70701589078736,5.44948967566785
6,5.44937953150304,5.64776359825884,5.36981557738742
6,5.18679425707369,5.19260129560077,5.10641610274578
6,5.95299430247221,6.03859124499347,6.1083149652175
6,6.3231119945305,6.40815164903322,6.3289431551415
6,5.44268640397946,5.55392386555153,5.53785909070138
6,5.22736393158402,5.07216888590124,5.51995889545334
6,5.36662237884088,5.15632721043202,5.56810322817048
6,6.08304544054738,5.90116671513381,5.71190209779761
6,5.48703845195082,5.52659432604398,5.50970935741472
6,6.24529820603642,6.15929535625444,6.5927682146904
6,5.91716854165161,6.0634932944136,6.20320610967092
6,6.20170870362834,6.27572164580507,6.6158866634617
6,5.04213142052052,5.679438991132,5.35573822714683
6,5.53296139230169,5.73362208904544,5.50044019258646
6,5.38178242565976,5.3891543634778,5.52962583110376
6,5.32121790328328,5.57351519007173,5.25836646277401
6,5.7421678963016,5.73022572472729,5.81204175980318
6,5.21481354315595,5.2583833615604,5.10380907052133
6,5.86208983153181,5.92926401151885,6.05638184534759
6,6.05436315975607,6.21521849931586,6.14302603008211
6,5.90330139046083,6.03410442009976,5.93171501028192
6,5.40741283637362,5.34279482593251,5.43302233442891
6,5.78207556602938,5.83751037858865,5.73864396560516
6,5.85144749624227,5.8396501290033,5.67321664427348
6,5.51646628658129,5.33491529526906,5.51667502436898
6,5.25440847779488,5.21241602508262,5.14692804372567
6,6.0691085335167,5.62405480945022,5.60132695357298
6,5.95648372656379,5.94374635719201,5.90312285604993
6,5.41043871950609,5.47503465036367,5.27703045145279
6,5.95110830854424,6.11977452087868,6.23835081172764
6,6.1849882483472,6.2263885782558,6.29547909346089
6,5.29566474975311,5.19231567905885,5.43998815058658
6,5.10126345840243,5.04096957059295,5.09480390916541
6,5.73319690144623,5.80815807621888,6.01789577869417
6,5.47472544876799,5.36979447860262,5.45619078687001
6,5.05203561627763,5.07298484383385,5.07504052882512
6,6.7765449438345,6.48508174644796,6.82949541907711
6,5.58665927388238,5.46308290790549,5.54583805620851
6,6.10931236372693,5.9277052016315,6.21313427038893
6,5.68708562087392,5.72985462558093,5.53844134311755
6,5.46660939957608,5.38027642935374,5.55612334594325
6,5.93563823484822,5.85565262705885,5.73034567531391
6,5.75115297326651,5.76801811152787,5.51621552664154
6,6.39860920581433,6.4511499241458,6.43652256040909
6,5.40615363660166,5.40180257988085,5.5645353879362
6,5.13430602415941,5.23429747572004,4.99575796246783
6,5.80322996146284,5.8040667979029,5.03102292221881
6,5.9549371571137,5.83685805667946,5.67381191657399
6,6.21232194094536,6.39531141842303,6.53683671896706
6,5.16763692759381,5.28117786179138,5.13854582479473
6,6.06054024919468,6.26846993845636,6.3950030898154
6,5.97771774016716,6.1069405890378,6.28057151545974
6,5.8777066975652,5.92115544765557,6.04825172132388
6,5.92177981160092,5.89968020497924,5.93873746793808
6,5.72927803212603,5.76022103242751,5.73170219373926
6,5.98409244366557,6.02643761724058,6.01239652042146
6,5.30470412227691,5.20466820199016,5.26793679501429
6,5.87636656864164,5.88134667253163,5.78253974109254
6,5.44061999287678,5.51343727308605,5.25975142237191
6,6.61863072741343,6.61450587539931,6.40742191479131
6,5.48249136882901,5.45232748365679,5.52485461700018
6,6.52854832417154,6.79513088310219,6.55641641514048
6,6.02212546871685,6.16591857390248,6.16628978727181
6,5.95542302894576,6.05886441938008,6.11801015483133
6,5.3118057784823,5.1788147390884,5.26437248060277
6,5.83241037939829,5.77194898424001,6.00626494415819
6,5.37355959208459,5.53001801155287,5.25581920436069
6,5.42476663023896,5.53698369231693,5.3084516532867
6,6.41001834448872,6.50762957877172,6.55474853855314
6,5.43634972691822,5.49363185678977,5.42363092788324
6,6.50862993561974,6.17657928961984,6.63180914578401
6,5.54840989262582,5.78082692669324,5.76306084901566
6,5.41043871950609,5.47503465036367,5.27703045145279
6,5.45081904536548,5.38801105427614,5.67278381296936
6,5.89592026898041,5.9324621899232,6.04751479575123
6,5.55475936436282,5.63174462390234,5.60923033500576
6,5.69866921035098,5.68203519487425,5.68818990983946
6,5.83384686533538,5.77195640486002,5.89939583272394
6,5.61451389942986,5.55742236175243,5.54707530937877
6,5.60855730971789,5.47786441851962,5.21556704143627
6,6.05902089057966,5.85293748022006,6.05792881354394
6,5.72054080860708,5.7253321310409,5.86072130763886
6,5.97387624418437,6.10696365926753,5.84618102840647
6,5.82373371906842,5.69104984606678,5.80552875918203
6,5.60343886090751,5.64146240574949,5.82059261987368
6,6.4939703391298,6.14982853657355,6.74244053425463
6,5.76388016141856,5.69506538178046,5.69701304685625
6,5.02982175064585,4.87700258619077,5.15524191423973
6,5.42327088374397,5.50699148431338,5.45634355748387
6,5.14549470285736,5.29756843325996,5.19528469194554
6,6.17309950427376,6.45938217756381,6.33816818553436
6,5.78934173978448,5.72668832512857,5.40561572750605
6,6.68964648067428,6.516108362543,6.65935889119468
6,5.84704093977051,6.05153895826259,6.00129719682669
6,5.46509163384639,5.47957595508729,5.42185081220672
6,6.45851823718172,6.44851360829112,6.22346306570347
6,6.38817400260029,6.63312811998165,6.52614996698115
6,5.62641843035673,5.75769278504107,5.3009793381298
6,5.45461984338096,5.38540755172132,5.43380175860645
6,6.47306476221108,6.80242233437747,6.74918429335496
6,5.90107142253919,5.92810777669111,5.87330458482565
6,5.77390342596774,5.64243768921161,5.73086082860935
6,6.31474794633261,6.38108538429565,6.12072878737719
6,6.0487372668226,6.23279772733117,5.52686403599236
6,5.91856663044373,5.88054144400767,6.24845830117991
6,5.19718837971548,5.2889016258614,5.36509425479368
6,5.13430602415941,5.23429747572004,4.99575796246783
6,6.18285407780379,6.20991425766536,5.73323739076377
6,5.54840989262582,5.78082692669324,5.76306084901566
6,6.08907035276294,6.20351240466463,6.09243350027679
6,5.40256954630597,5.55834338015849,5.25135534166793
6,6.07335157857683,6.22748252399612,6.0740008070329
6,5.79851311703417,5.63816114163763,5.82715512520159
6,6.78565078462785,6.61910125693383,6.66357724181234
6,5.86406243797727,5.95161764250008,5.61932037041577
6,5.37899411413834,5.36017670187226,5.09062059198738
6,5.08058451574998,5.22361398002584,5.03971536024572
6,6.26644027578007,6.41331329325388,6.54620142428482
6,5.15374818914984,5.22198735711464,5.84933443091358
6,6.10244597922079,6.14110011374282,6.13337433808517
6,5.83520638648338,5.42398610908806,5.54607083648915
6,5.53107128528045,5.48212215969353,5.63203128103944
6,5.33224122465719,5.34211940999077,5.37334377970995
6,6.01642068952398,6.17205746635263,6.08951003029259
6,5.17790907384601,5.15322952479539,5.23883783759268
6,6.34094283019262,6.09285760405683,6.16800227038994
6,5.78934173978448,5.72668832512857,5.40561572750605
6,5.9362370039394,6.0830691224212,6.12577666881472
6,5.1047966029141,5.17401939487919,5.14725566666637
6,5.19130200565652,5.27799476327881,5.32808740563098
6,5.96365803153887,5.95377449773455,5.91264903596398
6,6.16699475045215,5.82513574770707,6.27042607174328
6,5.86371623995209,5.77411725027706,5.78383346621221
6,5.15114957631287,5.19034935693025,5.11854101321725
6,5.61961781237907,5.59272657413911,5.68142855158431
6,5.92601366303197,5.92619783706515,5.99721618101646
6,5.70165888877298,5.60571457714896,5.69816563403775
6,5.32651356559158,5.36950570308824,5.34296723372106
6,5.04635896151172,4.90641779381442,5.38970240701088
6,5.47636835337604,5.68510220602829,5.37063428364017
6,5.46745271857813,5.52960953891607,5.35361143127458
6,5.25023711730144,5.2242617321802,5.04530500324575
6,5.16343251089557,5.1752289212752,5.22975946206968
6,6.15777698060926,6.3050408244333,6.3706961634405
6,5.23137828443813,5.35940850324271,5.16346459918452
6,5.60423520205181,5.56867925704146,5.69247308636305
6,5.37466023569077,5.34490694266092,5.32560388045886
6,5.97803569588892,6.15310053277827,5.97203740685928
6,6.20606395746119,6.31729399461971,6.21468415635759
6,5.54075338249603,5.58972575061756,5.3738762710565
6,6.33733987718259,6.58350094534137,6.51033400741883
6,5.90423156833388,5.99525431943329,6.39591104109762
6,6.16383562914823,5.96066526397759,6.14002763872971
6,4.945648331157,5.35421688827542,5.0650849747621
6,5.14908365994342,5.22219829121596,5.13940313658853
6,5.88627307107937,5.99702195023659,5.82126794261904
6,5.70315362266075,5.81556244643859,5.47456613881927
6,6.19061742305301,6.43317633516759,6.34648463922119
6,5.36218796737296,5.49971867992946,5.23485501297131
6,5.16403284611349,5.1314780033746,5.18341398090248
6,6.07400608463521,6.15776987803094,6.00278893366631
6,6.17905346623852,6.38819657709555,6.18492476051146
6,5.10188056764429,5.28458355627938,5.02313589310306
6,5.53645688261196,5.51263072382752,5.28031945540744
6,5.05253639850967,4.98669726970718,5.06381644515976
6,5.11980358685657,5.19491788872245,5.15152412880029
6,5.64237525374826,5.93191765534519,5.41322419861905
6,5.40158625153435,5.42762636010922,5.33718147221007
6,5.38820462278403,5.36307936866371,5.5801233985776
6,5.65590399605014,5.72293938053271,5.65045907953476
6,6.08471781091972,6.02292098468131,6.19989714087686
6,5.50091302917819,5.32936100496882,5.18005186811196
6,6.4504937197615,6.70376787690026,6.58077743507269
6,6.08907035276294,6.20351240466463,6.09243350027679
6,5.30876136588143,5.55874369060224,5.2994464461496
6,5.28526460141094,5.40199052160541,5.39698262314342
6,5.95542302894576,6.05886441938008,6.11801015483133
6,5.24292051079065,5.16975944633845,5.15155739086164
6,6.20916584561945,5.99270983861098,6.11612775072015
6,5.84087277993649,5.7969326474293,5.73874156401252
6,5.66532988822242,5.82611549485259,5.75795280689334
6,6.07909101100691,6.08743589897797,6.1973180414071
6,5.04412949199517,5.12918046504179,5.12597291808257
6,5.68029741665597,5.78439506934374,5.95791382105976
6,5.21540430571341,5.2407930166939,5.09674706300213
6,6.10127605688775,6.15260522200567,5.97629250283322
6,5.76552772052724,5.89827226652464,5.90838160268457
6,5.98258778447568,6.00876394524385,6.04391851402808
6,6.29439655891021,6.58369893281435,6.44924249431829
6,5.82373371906842,5.69104984606678,5.80552875918203
6,6.15656958021424,6.35829905190545,6.33284680538914
6,5.88571723408191,5.80342918462431,5.91857272514426
6,5.24486119777303,5.22697557698562,5.35795124157418
6,5.20144016564464,5.30247388313177,5.24307867094098
6,5.30726806486615,5.52128859718183,5.13554510796016
6,5.52105553080449,5.53692719849771,5.53099011337243
6,5.48584121780074,5.4229176860302,5.46291178008756
6,4.89736602902609,5.09324070616691,5.00896350148972
6,5.50680654235475,5.68678808165051,5.312375308267
6,5.4709734356043,5.69533089355923,5.36280252953696
6,5.48104277629802,5.40777917565281,5.4433855292039
6,6.02212546871685,6.16591857390248,6.16628978727181
6,6.13289203252093,6.14047480635616,5.99672876904636
6,4.95179223598844,5.02910019740661,5.11073095232695
6,5.90219837456414,5.95411166174297,6.06479944248242
6,5.91716854165161,6.0634932944136,6.20320610967092
6,5.27809963984623,5.2718478827823,5.27885801271141
6,6.05956411640635,6.12984095200328,6.3339936874814
6,5.75623145662119,5.78958578241564,5.74627974385151
6,5.53107128528045,5.48212215969353,5.63203128103944
6,6.36309678409421,6.6208963390436,6.65969783565571
6,5.54347289331517,5.69867878001945,5.71412060985283
6,5.64937546081792,5.568881613832,5.67151425826591
6,5.98518250455686,5.95279109091844,6.04854988054442
6,6.17309950427376,6.45938217756381,6.33816818553436
6,6.0901322245235,6.24447207516019,6.314616728737
6,6.26373543791507,6.62211178675272,6.51879786932757
6,5.49304951283614,5.04868689465301,5.37535114438994
6,6.34343104926117,6.49183555428657,6.56093071298964
6,5.45312542501294,5.34887132528677,5.55248256117253
6,5.92065987240913,6.03051170439937,5.57007743224197
6,6.0909818590088,6.08249369582987,5.88211528414326
6,5.84066207832296,5.78579428503414,5.68358592658072
6,5.69870035949872,5.76796589628182,5.68676807176508
6,5.63756827145939,5.71904505698206,5.28536869684646
6,6.02031309003864,5.94519193834252,5.80309809557236
6,5.97411300678046,5.86643038197061,6.23299864139543
6,6.00196402188146,6.10104777796426,6.15299943845641
6,5.82342168030872,5.95981525497394,6.17489065536155
6,5.85950334532653,5.88036986185444,5.84645670702698
6,5.69228957354639,5.60959767632446,5.81915699572716
6,5.62143894865412,5.66692222103016,5.38365540000016
6,5.55926983735594,5.4386888894837,5.5589420424078
6,5.14908365994342,5.22219829121596,5.13940313658853
6,6.39229040060805,6.61267915318499,6.23744810555863
6,5.7128034929024,5.43946385054179,5.64737455956421
6,5.94824310426653,6.03990765450818,6.1173691694682
6,6.33799546576703,6.30768245942541,6.33359655482841
6,6.16684261473974,6.13951235202671,6.42013120407045
6,5.64430249821974,5.60182096484019,5.45658632422878
6,5.27069711401231,5.29350976782314,5.20245348768525
6,5.52751321300773,5.70290760969333,5.43135680276004
6,6.02367564000209,6.09104802906369,5.84604840944764
6,5.18711793789212,5.2821511114178,5.25968919940252
6,5.05872135511528,5.26758032933365,5.239797317955
6,5.78019027539072,5.87423245888765,5.95883271965534
6,5.70164374779433,5.53925410229738,5.87096369134907
6,6.19438860162771,6.49988238259048,6.45612138056124
6,5.47717669238945,5.66492919986349,5.72644524728238
6,6.08200510064888,5.85755911273834,6.31963768031846
6,5.94695949406759,5.88014886744107,5.87392705126018
6,5.51977593444329,5.6069664251512,5.52325076421013
6,5.69579816590202,5.66080492509546,5.28878901493348
6,5.78019027539072,5.87423245888765,5.95883271965534
6,5.48166630313644,5.53252656144058,5.36502041750606
6,5.49689246571908,5.59060370782867,5.43812142894358
6,5.84850862713893,5.8349491726773,5.89513586225568
6,5.84087277993649,5.7969326474293,5.73874156401252
6,5.22833781057614,5.39934815964057,5.32337253559948
6,5.50854679598305,5.38061338119756,5.41223737249931
6,6.12751288769694,6.22704834807268,6.19044125867355
6,6.11582999872562,6.32985055945178,6.36103323916733
6,5.73769522457397,5.71167604025161,5.80607901438508
6,5.53028051811578,5.65615264204796,5.66218745452429
6,5.84753666740621,5.84247695989576,5.48167916180141
6,5.88627307107937,5.99702195023659,5.82126794261904
6,5.48887922528221,5.58184749859408,5.32355736989135
6,5.53607830075018,5.48437265259857,5.47927036962249
6,5.66573804440283,5.62707238537969,5.35037764789998
6,5.52751321300773,5.70290760969333,5.43135680276004
6,5.80559074893855,5.71449856730389,5.26716112879338
6,5.64937546081792,5.568881613832,5.67151425826591
6,5.71958400389031,5.73062551661948,5.81172166258338
6,5.65709068659937,5.77010907353386,5.73252543895252
6,6.22071740301742,6.30521619315487,6.05012021476764
6,5.84087277993649,5.7969326474293,5.73874156401252
6,5.5756180554471,5.72438856803176,5.73093003909019
6,6.55556375882088,6.74251458483539,6.80579439382522
6,6.01249885852989,6.22387303205879,6.49056341332182
6,5.60423520205181,5.56867925704146,5.69247308636305
6,5.95832664022804,5.88925142270256,5.95296637512634
6,5.49827432483963,5.59877826198353,5.59275202436268
6,5.19230897421121,5.42152517143225,5.16547360777876
6,6.00785825420824,6.16273038171064,5.46720028879154
6,5.45036290674841,5.74071749317377,5.64613333114886
6,6.08200510064888,5.85755911273834,6.31963768031846
6,5.23538095331123,5.29558700167333,5.19098635305486
6,5.48411012778394,5.64406225156766,5.25813950392421
6,6.09134346653147,6.16051692958383,5.79902550263059
6,6.10931236372693,5.9277052016315,6.21313427038893
6,5.68218378825495,5.70797412818899,5.64859964709152
6,5.88817372287908,5.97989313395759,5.88880689170538
6,5.33872093415249,5.37270319514505,5.41344335717889
6,5.962833903956,6.17918923274739,6.11030990825448
6,5.87836145305364,5.86122509049576,5.93677821787597
6,6.1056393796952,5.88645172187534,5.61216601534519
6,5.09844542796206,5.12293573102583,5.03695054564533
6,7.07018245580187,6.94433169980329,6.83992461648175
6,6.20261277269082,6.18730588343689,6.42393763687014
6,5.42543890941501,5.43026386900015,5.35508613764047
6,6.23280442188416,6.33687756366596,6.4250812139012
6,5.20875788691956,5.2987084540708,5.31037749312173
6,5.60003792915451,5.79406687453766,5.53630759822613
6,5.97411300678046,5.86643038197061,6.23299864139543
6,6.23545429698857,6.33202483059557,6.44737637767977
6,5.16274529569394,5.14964546682269,5.24667322070244
6,5.75747966034885,5.6845282962086,5.61871608175955
6,5.77582951695527,5.64844600146178,6.18029756117726
6,5.96403185515976,6.06244186690729,6.43292699692212
6,5.55931702668033,5.52214220071982,5.60413518968772
6,5.54916493035501,5.55063021758519,5.52985817400562
6,5.08058451574998,5.22361398002584,5.03971536024572
6,6.15157696995648,6.36058449207835,6.29717076694198
6,6.15105343942858,6.21845313941432,6.63010347497708
6,6.15203339409915,6.12705054157034,6.32553810226742
6,7.15182946698887,6.9455639191735,6.75858450905724
6,5.96363387285744,6.01264203353245,6.06816452052649
6,5.75552607299699,5.84690031735551,5.84284289642753
6,5.42974295616589,5.45864893490884,5.52194990836172
6,5.9301828602058,5.9698021175764,6.09545633621408
6,5.63842515289989,5.74226761614839,5.71963217226393
6,6.2521751830677,6.38431430398952,6.50565309668631
6,5.58847505724255,5.6478675631088,5.86471267145041
6,5.93869403020348,5.86570075990743,6.04123509186214
6,5.80227845854132,5.62125236189449,5.49978278988183
6,6.18902670737725,6.37578471736837,6.3566579664374
6,5.62305511550868,5.60019963294836,5.76163501303714
6,6.04289885762338,6.20527234022165,6.46619803772067
6,5.82378621417017,5.8628759586974,6.05199103900314
6,5.4876251374233,5.5851307228165,5.69267723608507
6,5.7122864364141,5.76981108161544,5.32757281202486
6,5.49495063572631,5.44439401249336,5.40768581366772
6,5.21270345071578,5.2688698991614,5.16365066673255
6,5.42367885877542,5.82827635883359,5.47072797191388
6,6.16383562914823,5.96066526397759,6.14002763872971
6,6.27755973969687,6.28851459312087,6.47968126359032
6,5.89432898304087,6.04788395245042,5.82626666850002
6,5.48738891510432,5.4291695429859,5.35784183034041
6,5.71958400389031,5.73062551661948,5.81172166258338
6,5.43602665176163,5.32960294112223,5.29289516248854
6,5.99925469014867,6.06082679504393,6.20967588854624
6,6.02035186889451,5.99885070695014,6.67745901844065
6,6.22037749171115,6.25053959365516,6.2820277714706
6,6.0319846698253,6.10422714240998,5.8029786999845
6,6.12656275075829,6.19573871023366,6.42471059900699
6,5.21434541620414,5.16020932982077,5.08023683302204
6,5.54682689896836,5.51224541850355,5.62222753554843
6,5.76110213037623,5.83000685854801,5.77809727621483
6,5.68218378825495,5.70797412818899,5.64859964709152
6,5.88790021324415,5.90545897436567,5.82138258988738
6,6.22808913238221,6.36966544661008,6.55077499974564
6,5.92052758677615,5.96707699052426,6.19579213291603
6,5.47717669238945,5.66492919986349,5.72644524728238
6,5.40710357518329,5.53231047071632,5.50580397134768
6,6.33208495278066,6.37420593450653,6.59223772692886
6,6.03267185511589,5.99878938928703,6.4417705287644
6,5.57373116234323,5.59157632190919,5.44766491155495
6,5.37439350426905,5.50178250080932,5.53814009428178
6,6.0487372668226,6.23279772733117,5.52686403599236
6,5.53826307105902,5.51272823621593,5.67582879217284
6,6.10152380194394,6.23134899626546,6.19670594571289
6,5.96085075454779,5.96240104473043,5.63133391814344
6,5.74435064685026,5.68343803304453,5.84280946881608
6,5.52105553080449,5.53692719849771,5.53099011337243
6,5.10126345840243,5.04096957059295,5.09480390916541
6,5.29442522518608,5.37048907740448,5.31000821158227
6,5.88286689275495,5.93110042714403,5.76341146674717
6,5.24561702821163,5.41079335817337,5.15993739817976
6,6.02034709313392,6.09644811018671,6.28694025633406
6,5.99152652037282,6.00537024748071,6.2814268564569
6,6.26620134222741,6.37750877680607,6.19024821735756
6,5.74708036528467,5.68305575516793,5.54860478280017
6,5.65927006562898,5.43638476120528,5.19637266014437
6,6.49586583647739,6.46528067040745,6.49022049771364
6,5.91716854165161,6.0634932944136,6.20320610967092
6,5.53107128528045,5.48212215969353,5.63203128103944
6,5.93901355520713,5.96762102912645,6.11311047308996
6,5.84753666740621,5.84247695989576,5.48167916180141
6,5.40741283637362,5.34279482593251,5.43302233442891
6,5.25400772388096,5.27892461760246,5.25871673547684
6,5.24360362159935,5.37965685067017,5.33448399702791
6,5.25933445202566,5.36109442972384,5.23986952732077
6,6.22557706708875,6.34447618365904,6.07259889072767
6,6.41644353063833,6.24259961848349,6.19094041608266
6,5.57125628145744,5.53614442472441,5.28515688382315
6,5.37466023569077,5.34490694266092,5.32560388045886
6,6.10890680291524,6.23560530324529,6.35005632866817
6,5.28526460141094,5.40199052160541,5.39698262314342
6,6.0319846698253,6.10422714240998,5.8029786999845
6,5.18679425707369,5.19260129560077,5.10641610274578
6,6.09104414569072,6.33002615080613,6.47771674725271
6,6.52987862026276,6.19248367923947,6.43936863928034
6,5.85950334532653,5.88036986185444,5.84645670702698
6,5.51274783745717,5.35850749640077,5.6140849461876
6,5.77739902740359,5.65695441844741,5.95911887190591
6,6.1284653581143,6.10670701938229,6.19104589905284
6,5.74646491969633,5.87060835089623,5.61490924423632
6,4.89736602902609,5.09324070616691,5.00896350148972
6,5.89432898304087,6.04788395245042,5.82626666850002
6,5.55929858622823,5.62262780730422,5.69083944676044
6,5.98058190282242,6.00767101739027,6.24421144791205
6,5.60420972276519,5.58953962095123,5.69100603877242
6,5.38448382099364,5.23903374517823,5.56066489858651
6,5.83384686533538,5.77195640486002,5.89939583272394
6,5.61451389942986,5.55742236175243,5.54707530937877
6,5.42922342891038,5.88757547918019,5.55294805886914
6,5.82372189534659,5.80588073478419,5.39002268503042
6,5.03301863642731,4.86473347707238,5.03019499999188
6,5.78331363267934,5.70928786627662,5.87598250403053
6,5.76714757447962,5.70798644732301,5.66133132052091
6,6.11461314916944,6.14677093153068,5.79274767075884
6,5.51204209508237,5.55881587305015,5.25765290600429
6,5.27957029311495,5.04226677417223,5.31529302410718
6,5.94695949406759,5.88014886744107,5.87392705126018
6,6.74074505523195,5.33771846583334,6.46831713896249
6,5.04077944887137,5.21979992165986,5.14388688608276
6,5.14061807419992,5.16164860560214,5.05135408054473
6,5.49495063572631,5.44439401249336,5.40768581366772
6,6.26620134222741,6.37750877680607,6.19024821735756
6,5.33414093792117,5.39315770174949,5.49974295417449
6,5.50235931364766,5.39328630649242,5.40540034921005
6,5.28238665554886,5.19746831238499,5.40262712605238
6,6.32815193991002,6.31294952878848,6.52156060102317
6,5.94383609349784,6.1143206458928,6.07785732698159
6,5.2682300113976,5.35633528200624,5.02602545743039
6,5.1441560278115,5.20504580440681,5.348167926822
6,6.48750038025789,6.27825664920136,6.6483496345859
6,5.80853576959872,5.79967653141134,5.4171733916242
6,5.27957029311495,5.04226677417223,5.31529302410718
6,4.99373076705891,5.37875229379726,5.14916358806258
6,5.76388016141856,5.69506538178046,5.69701304685625
6,5.60420972276519,5.58953962095123,5.69100603877242
6,5.76090789951369,5.84681561373222,5.76650327654958
6,5.88571723408191,5.80342918462431,5.91857272514426
6,5.78769703514353,5.95474380128646,5.84040433708039
6,5.81033767320917,5.81593837829532,6.19158243165399
6,5.40256954630597,5.55834338015849,5.25135534166793
6,6.12745884143844,6.08582548595172,6.02207415530415
6,5.38266768550028,5.53011597984288,5.43726284081152
6,5.92239340731784,6.04733286653585,6.27197438325817
6,6.44751578424582,6.1470196848082,6.59340215240573
6,6.01672729268035,6.10650316176881,5.94945353227527
6,5.04353480759509,4.87171648068497,5.03276946078398
6,5.79291525884607,6.01316259322832,5.89480474170067
6,5.62113612224024,5.62813827384697,5.35770248856423
6,6.1505208539481,6.01150705072402,6.35876651909215
6,5.25257711540175,5.31565245943609,5.22032184049814
6,5.18496695440456,5.1942253222822,5.45845854520052
6,5.51083324907418,5.71907702288149,5.70369757256813
6,6.10152380194394,6.23134899626546,6.19670594571289
6,5.05594604169723,4.95190249518475,5.18537128225322
6,5.51297113755298,5.41639188107851,5.49493790522848
6,5.69870035949872,5.76796589628182,5.68676807176508
6,5.8099892874627,5.93866695938333,5.8105713200084
6,6.31457226954329,6.65813764695411,6.68019483675099
6,6.16417305185155,6.23308697913809,6.01922240618897
6,5.24021817588569,5.11027132356601,5.14017962229159
6,6.08200510064888,5.85755911273834,6.31963768031846
6,6.7468035113466,7.02598415365355,6.53513048953128
6,5.83241037939829,5.77194898424001,6.00626494415819
6,5.530792794986,5.35966612453341,5.26745004945816
6,5.60948047637595,5.60127732899238,5.4680153567583
6,6.61863072741343,6.61450587539931,6.40742191479131
6,5.30759462251814,5.20035808192662,5.2179331901547
6,5.51583263983552,5.47181666883232,5.62444429565456
6,6.31998960480641,6.32345738079917,6.36022661809317
6,5.8954691873293,5.96893336119316,6.06882910311439
6,5.60420972276519,5.58953962095123,5.69100603877242
6,5.61834711230462,5.35861945751758,5.88360250422159
6,5.56768683902089,5.6094117854594,5.69427151846837
6,6.31845097889368,6.27928772126465,6.4040481592513
6,5.72927803212603,5.76022103242751,5.73170219373926
6,6.33743581484356,6.22087328533845,6.33814778374265
6,5.67774792407554,5.75526143589753,5.59290233480171
6,5.87417307073126,5.98816338143263,6.15331032815896
6,6.2713779006828,6.40522875940253,6.57756454919266
6,6.16381845338701,6.14019694220067,5.7085916183899
6,5.20369373713025,5.24046950610625,5.11574121531938
6,6.17720274647389,6.36284164370402,6.36954623218782
6,5.7956457719888,5.79445830221024,5.61287594837668
6,5.96365803153887,5.95377449773455,5.91264903596398
6,5.62113612224024,5.62813827384697,5.35770248856423
6,5.60212217441556,5.68538285524068,5.69876165410612
6,5.795271183251,5.87527971671064,5.94452000259959
6,5.96085075454779,5.96240104473043,5.63133391814344
6,5.26297192581371,5.35262626085483,5.02480151633044
6,5.84653103806902,5.61974086864989,5.83078063794195
6,5.41240664693322,5.4726136912034,5.34516627018504
6,5.91856663044373,5.88054144400767,6.24845830117991
6,5.14061807419992,5.16164860560214,5.05135408054473
6,6.15302854041601,6.06846638881098,5.98239968957616
6,5.57373116234323,5.59157632190919,5.44766491155495
6,5.4709734356043,5.69533089355923,5.36280252953696
6,6.82187904980071,6.54321669116765,6.85898414662142
6,6.17720274647389,6.36284164370402,6.36954623218782
6,5.52035525930723,5.71117048505309,5.22958309475431
6,5.06656079537147,4.9984614054399,5.21815980411395
6,5.49304951283614,5.04868689465301,5.37535114438994
6,5.04412949199517,5.12918046504179,5.12597291808257
7,6.52899778666162,6.80605682826381,6.648345354273
7,6.52115960496204,6.56568051601004,5.89388841277921
7,6.60599580329396,6.78360598933673,6.76888749717428
7,6.10808317612191,6.41425061912377,6.36804100436976
7,6.31549018400249,6.17057540939606,6.1297074200897
7,6.54880992371999,6.78890728747155,6.74377634610503
7,6.55363669156651,6.84329318173124,6.67490331921824
7,6.87427484505346,7.01161301731067,6.7823602052098
7,6.55767935947068,6.58311900765526,6.21878529791577
7,6.42760017030108,6.37749252392437,6.3295507409145
7,6.03268250471845,6.15586613929918,6.18628680301703
7,5.92330290514848,5.92192481489421,6.29084148650911
7,6.09824670096938,6.16940153161636,5.87061928066079
7,6.44733242232101,6.53183802261972,6.51365998853437
7,5.29842847469277,5.43190432361364,5.28739388385616
7,6.01452662893531,6.11022199662103,6.0574196052226
7,6.06311069901182,6.1468643632156,6.32471143657904
7,5.74913596769092,5.85316419212296,5.70877998965892
7,5.58676720895964,5.51104170061327,5.65057142478034
7,6.05235099874589,6.25222022256458,6.34183630740686
7,6.26593203031885,6.41729563812274,6.53067906571199
7,6.4915100856266,6.45834343828181,6.34814581415278
7,6.45805452205303,6.75423642589413,6.66870940135737
7,5.48983902022329,5.61850556409713,5.55179960977842
7,5.76482781145858,5.57552723893243,5.97695813699642
7,5.80428690488446,5.90948230647458,5.57131800452618
7,6.57340381402709,6.4410806971439,6.60122958552845
7,5.93425242934718,5.89628832106456,6.15476829550197
7,6.10034149137898,6.07792450683434,6.35272043924946
7,5.58676720895964,5.51104170061327,5.65057142478034
7,6.18178839152608,6.36330954588381,6.18136983657996
7,5.9997680440908,6.05525490318701,6.29253598895431
7,6.2893384159196,6.39104342336139,6.57425128251834
7,6.63708433192173,6.58654929527598,6.52574336846592
7,6.80527564365466,6.49743512999115,6.8035063675993
7,6.42076690984891,6.24655562290009,6.58717413581224
7,6.13348158323674,6.12226606407074,6.16631915604968
7,6.3123691763578,6.29677206093469,6.46097860822971
7,5.5480611528539,5.56954482982663,5.49668874589537
7,5.86559195545688,5.78307994601142,5.91383785844706
7,5.97893818638227,6.15769820205112,6.1287865291207
7,6.13091857615205,6.14739236145286,6.27386990257637
7,5.87080427513949,5.65547596645835,6.24423770036833
7,5.94330362768064,5.95800206690895,6.2382389067096
7,6.09304620584831,6.29462683974918,6.37137084041239
7,6.23021335298166,6.21727265252187,6.48079636591504
7,6.2410055767387,6.46470387012533,6.58209214361325
7,6.1946572922479,6.39807945626964,6.51255490401381
7,6.22309734094468,6.36374332765801,6.66791061608775
7,6.59530284526381,6.84005196689445,6.70729844070597
7,5.93144951727921,5.85419479465288,5.90505276427178
7,6.09522160159131,6.20349349715335,5.74023916840298
7,6.31581325341341,6.35945121446923,6.55083243910701
7,6.7445213516377,6.86183818334671,6.86442550492888
7,6.33081508777091,6.26584484587406,6.56885425619231
7,6.60457413259767,6.52274967963374,6.416365664663
7,6.23875207720603,6.17425595132472,6.16440989224948
7,5.74568898425146,5.89502873981595,5.89380492967632
7,6.37811353256951,6.57722260963174,6.52632219940844
7,6.05235099874589,6.25222022256458,6.34183630740686
7,6.2785859167945,6.30867862470482,6.54415962396789
7,6.2219508684974,6.32447643920448,6.50280652186499
7,5.75182143341058,5.60794269952084,5.82381811487146
7,6.21466119884554,6.25911990229362,6.42190122510195
7,6.03268250471845,6.15586613929918,6.18628680301703
7,6.19708179324086,6.21897149970705,6.37379020775572
7,6.3441134400209,6.62342543850316,6.68256451964251
7,6.7491894734838,6.56219140224653,6.65427665178379
7,6.36811259724794,6.57530022491898,6.62327916676234
7,7.02357793688846,7.06717829966767,6.84309964026398
7,5.40814080421922,5.52715225339883,5.45051252257445
7,5.40345021608721,5.42605915513456,5.30539239774856
7,6.18001713794761,6.09989159477605,6.21157216085014
7,5.63290019969936,5.75661213665954,5.70256797294129
7,6.20127103834835,6.31608067623801,6.32420417010649
7,6.18867549423674,6.37034902559173,6.00206136750738
7,6.09824670096938,6.16940153161636,5.87061928066079
7,6.46652183098927,6.72549838504521,6.58738763552503
7,5.84981796174522,5.82863869243759,6.05184272791016
7,5.55767123560472,5.66057346625936,5.89720490299181
7,5.93467648214305,5.98319342269727,6.21826395376023
7,6.40787621292218,6.21318261824451,6.60779505568807
7,6.52578193029254,5.87078423620825,6.62118662390841
7,6.30147891570276,6.16292871232072,6.67296469662992
7,6.10927870354634,6.33944395987838,6.32804302061351
7,6.43635490513242,6.63384546497297,6.5169187953287
7,6.49985273944307,6.69808552974873,6.69388022165617
7,6.03991326679404,5.96826178765002,5.94659162365776
7,6.09522160159131,6.20349349715335,5.74023916840298
7,5.8376178736387,5.83185908615111,5.44538095579691
7,6.47149756589956,6.71042354734288,6.49082216138835
7,5.8376178736387,5.83185908615111,5.44538095579691
7,6.33081508777091,6.26584484587406,6.56885425619231
7,5.48983902022329,5.61850556409713,5.55179960977842
7,6.13985653731327,6.45957997643592,6.58636030204687
7,5.58162231160901,6.74634156271932,5.39623222241938
7,6.90915002616952,6.9421885291324,6.85161321128821
7,6.47541893194252,6.72738295890447,6.63462940246525
7,6.27945289751291,6.39750938443116,6.50172980832683
7,6.24524307150121,6.39962973455707,6.46756000613502
7,5.86669284096752,5.77837016014481,6.14473226509806
7,6.2893384159196,6.39104342336139,6.57425128251834
7,6.84690498039055,6.65176951017654,6.81821995263372
7,6.31673232523314,6.58251391218245,6.58158082210766
7,6.03268250471845,6.15586613929918,6.18628680301703
7,6.0958884237113,6.0826229620631,6.44870198686549
7,5.75182143341058,5.60794269952084,5.82381811487146
7,6.49217786596197,6.64251941488356,6.16334122041995
7,5.98128009327895,6.07480297293976,6.48154142106915
7,6.16373632159966,6.42764941472332,6.14747529060318
7,5.93382245792048,5.88273962704971,6.37633409171706
7,6.60599580329396,6.78360598933673,6.76888749717428
7,5.3481937873017,5.23347362758286,5.36174294984536
7,5.83756012733146,5.82623759902253,5.88369111196656
7,6.37483876328123,6.22863056699993,6.55983449533548
7,5.69644330845094,5.58616604695767,6.23037706684348
7,6.66886073039714,6.5853032342823,6.6067702021595
7,6.43635490513242,6.63384546497297,6.5169187953287
7,5.58574698810285,5.50084340643614,5.47238213368017
7,6.20128330634964,6.29631859202543,6.4956008900477
7,5.51804636798581,5.53675947705183,5.3754199714733
7,6.0835051009395,6.11900006760217,5.89196434272356
7,6.19147474405778,6.13617869611415,6.3415201291426
7,6.21301124518985,6.2714616098157,6.13346432047555
7,6.44949492935722,6.75049029429296,6.61604148410641
7,6.40616031737524,6.63782787345987,6.6209163810819
7,5.93929804546688,5.92371006948297,5.84481231053929
7,5.62363146211239,5.66963649329037,5.73789814869232
7,5.69644330845094,5.58616604695767,6.23037706684348
7,6.55695791743995,6.82267680010728,6.77057471464458
7,6.31581325341341,6.35945121446923,6.55083243910701
7,5.74546080433501,5.80973019379168,6.09690645386205
7,5.83326607284096,5.96375635819983,6.26616024908026
7,6.15083829761969,6.2168962917473,6.12754538656931
7,6.13348158323674,6.12226606407074,6.16631915604968
7,5.90807747253158,6.01634265688887,5.97037266727958
7,6.40667832318957,6.70048756428658,6.71143046723748
7,5.93927231896119,6.00435981330397,5.97552933338879
7,6.49021352632965,6.56821335165497,6.42155607190356
7,6.39884674359073,6.65459514973405,6.67100161240176
7,6.18001713794761,6.09989159477605,6.21157216085014
7,6.10160148806333,6.16050868041374,6.22558752734825
7,6.3441134400209,6.62342543850316,6.68256451964251
7,6.36814020458491,6.48025155658891,6.44866645867095
7,6.27414731230911,6.33097369357414,6.55692365674776
7,6.84690498039055,6.65176951017654,6.81821995263372
7,6.16333513896214,6.38199722029208,6.20614350302292
7,6.6170284021718,6.83925261206707,6.54141933963014
7,5.80428690488446,5.90948230647458,5.57131800452618
7,6.73867330231603,6.56158683640136,6.64745215012794
7,6.5158930461968,6.66971156547041,6.57363047115744
7,5.83484919103494,5.87929003593908,5.82245246885519
7,6.19264754904267,6.33795067195087,6.4347657906308
7,5.93918162158404,6.12225031581145,6.23530603294744
7,6.45805452205303,6.75423642589413,6.66870940135737
7,6.24053468841153,6.04195285421654,6.41546357754757
7,5.87080427513949,5.65547596645835,6.24423770036833
7,6.04087688649237,6.01376850084152,5.99934162144255
7,6.01465463011213,6.1182902760284,6.04401634583336
7,6.26188839673961,6.42032106805653,6.59582680602367
7,6.63824671639037,6.80052528805231,6.7618897377795
7,5.74568898425146,5.89502873981595,5.89380492967632
7,6.2785859167945,6.30867862470482,6.54415962396789
7,6.19830273463813,6.2546915728943,6.28034072629273
7,6.21301124518985,6.2714616098157,6.13346432047555
7,5.74472487279619,5.65818678506956,5.8403109714383
7,6.33165568099721,6.64785549849341,6.59083055611428
7,6.02763678636221,6.20276763853551,6.34199087679936
7,6.2342937299473,6.33943735372327,6.22639539889048
8,6.49453250857747,6.54914633779502,6.64085069216446
8,6.47886266551387,6.58721745896951,5.86633531657522
8,6.09919972543117,6.31804919949074,6.37259791693277
8,6.04242837580107,6.02550247545691,6.20296067332617
8,6.82711642477997,6.60452680540467,6.79642177357012
8,6.83883157686723,6.72985866343755,6.55258399796213
8,6.06467642470952,6.23200398977319,6.61071201395657
8,6.03931679474821,6.2283009964724,6.39621676605077
8,6.4870157716049,6.78251568598979,6.64118920018771
8,6.11606519993361,5.8760033859719,6.28586450711128
8,6.76243298937093,6.44151133680371,6.72298760236015
8,5.91712851095971,6.0246542391101,6.04016715312535
8,6.63751895733565,6.7619065687296,6.67966540709308
8,6.74048162561489,6.86038508657118,6.80874201928073
8,6.22237217045261,6.4137892785043,6.31932617205504
8,6.48187132596863,6.71143522722171,6.59015154022541
